{
  "cloudant_apikey": "pmnnIwplj5LB87jpCC4rZlVbkJtOjol5cQCPuQYQcRfR",
  "cloudant_host": "3f7a374b-a1dd-4774-8775-f288d91fc913-bluemix.cloudantnosqldb.appdomain.cloud",
  "cloudant_iam_apikey_description": "Auto-generated for key 9a034222-8ef6-4c66-bac2-de4e531893ab",
  "cloudant_iam_apikey_name": "e42748b7-b4be-48e3-b6b0-9954182d8baf",
  "cloudant_iam_role_crn": "crn:v1:bluemix:public:iam::::serviceRole:Writer",
  "cloudant_iam_serviceid_crn": "crn:v1:bluemix:public:iam-identity::a/f1343ec21b204fa6baef8cf25df11315::serviceid:ServiceId-1c3b9523-d341-4822-82ed-ecdb78bdd8b5",
  "cloudant_password": "3649d310a65d03a5c1569729578d408c",
  "cloudant_port": 443,
  "cloudant_url": "https://apikey-v2-tm7p29td190t2gadmuj7e0kj1bbtjv338g84227amle:3649d310a65d03a5c1569729578d408c@3f7a374b-a1dd-4774-8775-f288d91fc913-bluemix.cloudantnosqldb.appdomain.cloud",
  "cloudant_username": "apikey-v2-tm7p29td190t2gadmuj7e0kj1bbtjv338g84227amle"
}
